"","del","si1","si2","alpha","dim"
"1",0,1,1,0.05,271
"2",0.05,1,1,0.05,371
"3",0.1,1,1,0.05,704
"4",0.15,1,1,0.05,1044
"5",0.2,1,1,0.05,1212
"6",0.25,1,1,0.05,1229
"7",0.3,1,1,0.05,1230
"8",0.35,1,1,0.05,1230
"9",0.4,1,1,0.05,1230
"10",0.45,1,1,0.05,1230
"11",0.5,1,1,0.05,1230
"12",0.55,1,1,0.05,1230
"13",0.6,1,1,0.05,1230
"14",0.65,1,1,0.05,1230
"15",0.7,1,1,0.05,1230
"16",0.75,1,1,0.05,1230
"17",0.8,1,1,0.05,1230
"18",0.85,1,1,0.05,1230
"19",0.9,1,1,0.05,1230
"20",0.95,1,1,0.05,1230
"21",1,1,1,0.05,1230
"22",0,1.5,1,0.05,1230
"23",0.05,1.5,1,0.05,1230
"24",0.1,1.5,1,0.05,1230
"25",0.15,1.5,1,0.05,1230
"26",0.2,1.5,1,0.05,1230
"27",0.25,1.5,1,0.05,1230
"28",0.3,1.5,1,0.05,1230
"29",0.35,1.5,1,0.05,1230
"30",0.4,1.5,1,0.05,1230
"31",0.45,1.5,1,0.05,1230
"32",0.5,1.5,1,0.05,1230
"33",0.55,1.5,1,0.05,1230
"34",0.6,1.5,1,0.05,1230
"35",0.65,1.5,1,0.05,1230
"36",0.7,1.5,1,0.05,1230
"37",0.75,1.5,1,0.05,1230
"38",0.8,1.5,1,0.05,1230
"39",0.85,1.5,1,0.05,1230
"40",0.9,1.5,1,0.05,1230
"41",0.95,1.5,1,0.05,1230
"42",1,1.5,1,0.05,1230
"43",0,2,1,0.05,1230
"44",0.05,2,1,0.05,1230
"45",0.1,2,1,0.05,1230
"46",0.15,2,1,0.05,1230
"47",0.2,2,1,0.05,1230
"48",0.25,2,1,0.05,1230
"49",0.3,2,1,0.05,1230
"50",0.35,2,1,0.05,1230
"51",0.4,2,1,0.05,1230
"52",0.45,2,1,0.05,1230
"53",0.5,2,1,0.05,1230
"54",0.55,2,1,0.05,1230
"55",0.6,2,1,0.05,1230
"56",0.65,2,1,0.05,1230
"57",0.7,2,1,0.05,1230
"58",0.75,2,1,0.05,1230
"59",0.8,2,1,0.05,1230
"60",0.85,2,1,0.05,1230
"61",0.9,2,1,0.05,1230
"62",0.95,2,1,0.05,1230
"63",1,2,1,0.05,1230
"64",0,1,1.5,0.05,1230
"65",0.05,1,1.5,0.05,1230
"66",0.1,1,1.5,0.05,1230
"67",0.15,1,1.5,0.05,1230
"68",0.2,1,1.5,0.05,1230
"69",0.25,1,1.5,0.05,1230
"70",0.3,1,1.5,0.05,1230
"71",0.35,1,1.5,0.05,1230
"72",0.4,1,1.5,0.05,1230
"73",0.45,1,1.5,0.05,1230
"74",0.5,1,1.5,0.05,1230
"75",0.55,1,1.5,0.05,1230
"76",0.6,1,1.5,0.05,1230
"77",0.65,1,1.5,0.05,1230
"78",0.7,1,1.5,0.05,1230
"79",0.75,1,1.5,0.05,1230
"80",0.8,1,1.5,0.05,1230
"81",0.85,1,1.5,0.05,1230
"82",0.9,1,1.5,0.05,1230
"83",0.95,1,1.5,0.05,1230
"84",1,1,1.5,0.05,1230
"85",0,1.5,1.5,0.05,271
"86",0.05,1.5,1.5,0.05,317
"87",0.1,1.5,1.5,0.05,457
"88",0.15,1.5,1.5,0.05,704
"89",0.2,1.5,1.5,0.05,948
"90",0.25,1.5,1.5,0.05,1130
"91",0.3,1.5,1.5,0.05,1212
"92",0.35,1.5,1.5,0.05,1228
"93",0.4,1.5,1.5,0.05,1230
"94",0.45,1.5,1.5,0.05,1230
"95",0.5,1.5,1.5,0.05,1230
"96",0.55,1.5,1.5,0.05,1230
"97",0.6,1.5,1.5,0.05,1230
"98",0.65,1.5,1.5,0.05,1230
"99",0.7,1.5,1.5,0.05,1230
"100",0.75,1.5,1.5,0.05,1230
"101",0.8,1.5,1.5,0.05,1230
"102",0.85,1.5,1.5,0.05,1230
"103",0.9,1.5,1.5,0.05,1230
"104",0.95,1.5,1.5,0.05,1230
"105",1,1.5,1.5,0.05,1230
"106",0,2,1.5,0.05,1227
"107",0.05,2,1.5,0.05,1230
"108",0.1,2,1.5,0.05,1229
"109",0.15,2,1.5,0.05,1230
"110",0.2,2,1.5,0.05,1230
"111",0.25,2,1.5,0.05,1230
"112",0.3,2,1.5,0.05,1230
"113",0.35,2,1.5,0.05,1230
"114",0.4,2,1.5,0.05,1230
"115",0.45,2,1.5,0.05,1230
"116",0.5,2,1.5,0.05,1230
"117",0.55,2,1.5,0.05,1230
"118",0.6,2,1.5,0.05,1230
"119",0.65,2,1.5,0.05,1230
"120",0.7,2,1.5,0.05,1230
"121",0.75,2,1.5,0.05,1230
"122",0.8,2,1.5,0.05,1230
"123",0.85,2,1.5,0.05,1230
"124",0.9,2,1.5,0.05,1230
"125",0.95,2,1.5,0.05,1230
"126",1,2,1.5,0.05,1230
"127",0,1,2,0.05,1230
"128",0.05,1,2,0.05,1230
"129",0.1,1,2,0.05,1230
"130",0.15,1,2,0.05,1230
"131",0.2,1,2,0.05,1230
"132",0.25,1,2,0.05,1230
"133",0.3,1,2,0.05,1230
"134",0.35,1,2,0.05,1230
"135",0.4,1,2,0.05,1230
"136",0.45,1,2,0.05,1230
"137",0.5,1,2,0.05,1230
"138",0.55,1,2,0.05,1230
"139",0.6,1,2,0.05,1230
"140",0.65,1,2,0.05,1230
"141",0.7,1,2,0.05,1230
"142",0.75,1,2,0.05,1230
"143",0.8,1,2,0.05,1230
"144",0.85,1,2,0.05,1230
"145",0.9,1,2,0.05,1230
"146",0.95,1,2,0.05,1230
"147",1,1,2,0.05,1230
"148",0,1.5,2,0.05,1230
"149",0.05,1.5,2,0.05,1229
"150",0.1,1.5,2,0.05,1229
"151",0.15,1.5,2,0.05,1229
"152",0.2,1.5,2,0.05,1229
"153",0.25,1.5,2,0.05,1230
"154",0.3,1.5,2,0.05,1230
"155",0.35,1.5,2,0.05,1230
"156",0.4,1.5,2,0.05,1230
"157",0.45,1.5,2,0.05,1230
"158",0.5,1.5,2,0.05,1230
"159",0.55,1.5,2,0.05,1230
"160",0.6,1.5,2,0.05,1230
"161",0.65,1.5,2,0.05,1230
"162",0.7,1.5,2,0.05,1230
"163",0.75,1.5,2,0.05,1230
"164",0.8,1.5,2,0.05,1230
"165",0.85,1.5,2,0.05,1230
"166",0.9,1.5,2,0.05,1230
"167",0.95,1.5,2,0.05,1230
"168",1,1.5,2,0.05,1230
"169",0,2,2,0.05,271
"170",0.05,2,2,0.05,299
"171",0.1,2,2,0.05,371
"172",0.15,2,2,0.05,557
"173",0.2,2,2,0.05,704
"174",0.25,2,2,0.05,876
"175",0.3,2,2,0.05,1044
"176",0.35,2,2,0.05,1166
"177",0.4,2,2,0.05,1212
"178",0.45,2,2,0.05,1224
"179",0.5,2,2,0.05,1229
"180",0.55,2,2,0.05,1230
"181",0.6,2,2,0.05,1230
"182",0.65,2,2,0.05,1230
"183",0.7,2,2,0.05,1230
"184",0.75,2,2,0.05,1230
"185",0.8,2,2,0.05,1230
"186",0.85,2,2,0.05,1230
"187",0.9,2,2,0.05,1230
"188",0.95,2,2,0.05,1230
"189",1,2,2,0.05,1230
"190",0,1,1,0.01,59
"191",0.05,1,1,0.01,88
"192",0.1,1,1,0.01,277
"193",0.15,1,1,0.01,639
"194",0.2,1,1,0.01,940
"195",0.25,1,1,0.01,1031
"196",0.3,1,1,0.01,1040
"197",0.35,1,1,0.01,1040
"198",0.4,1,1,0.01,1040
"199",0.45,1,1,0.01,1040
"200",0.5,1,1,0.01,1040
"201",0.55,1,1,0.01,1040
"202",0.6,1,1,0.01,1040
"203",0.65,1,1,0.01,1040
"204",0.7,1,1,0.01,1040
"205",0.75,1,1,0.01,1040
"206",0.8,1,1,0.01,1040
"207",0.85,1,1,0.01,1040
"208",0.9,1,1,0.01,1040
"209",0.95,1,1,0.01,1040
"210",1,1,1,0.01,1040
"211",0,1.5,1,0.01,1040
"212",0.05,1.5,1,0.01,1040
"213",0.1,1.5,1,0.01,1040
"214",0.15,1.5,1,0.01,1040
"215",0.2,1.5,1,0.01,1040
"216",0.25,1.5,1,0.01,1040
"217",0.3,1.5,1,0.01,1040
"218",0.35,1.5,1,0.01,1040
"219",0.4,1.5,1,0.01,1040
"220",0.45,1.5,1,0.01,1040
"221",0.5,1.5,1,0.01,1040
"222",0.55,1.5,1,0.01,1040
"223",0.6,1.5,1,0.01,1040
"224",0.65,1.5,1,0.01,1040
"225",0.7,1.5,1,0.01,1040
"226",0.75,1.5,1,0.01,1040
"227",0.8,1.5,1,0.01,1040
"228",0.85,1.5,1,0.01,1040
"229",0.9,1.5,1,0.01,1040
"230",0.95,1.5,1,0.01,1040
"231",1,1.5,1,0.01,1040
"232",0,2,1,0.01,1040
"233",0.05,2,1,0.01,1040
"234",0.1,2,1,0.01,1040
"235",0.15,2,1,0.01,1040
"236",0.2,2,1,0.01,1040
"237",0.25,2,1,0.01,1040
"238",0.3,2,1,0.01,1040
"239",0.35,2,1,0.01,1040
"240",0.4,2,1,0.01,1040
"241",0.45,2,1,0.01,1040
"242",0.5,2,1,0.01,1040
"243",0.55,2,1,0.01,1040
"244",0.6,2,1,0.01,1040
"245",0.65,2,1,0.01,1040
"246",0.7,2,1,0.01,1040
"247",0.75,2,1,0.01,1040
"248",0.8,2,1,0.01,1040
"249",0.85,2,1,0.01,1040
"250",0.9,2,1,0.01,1040
"251",0.95,2,1,0.01,1040
"252",1,2,1,0.01,1040
"253",0,1,1.5,0.01,1040
"254",0.05,1,1.5,0.01,1040
"255",0.1,1,1.5,0.01,1040
"256",0.15,1,1.5,0.01,1040
"257",0.2,1,1.5,0.01,1040
"258",0.25,1,1.5,0.01,1040
"259",0.3,1,1.5,0.01,1040
"260",0.35,1,1.5,0.01,1040
"261",0.4,1,1.5,0.01,1040
"262",0.45,1,1.5,0.01,1040
"263",0.5,1,1.5,0.01,1040
"264",0.55,1,1.5,0.01,1040
"265",0.6,1,1.5,0.01,1040
"266",0.65,1,1.5,0.01,1040
"267",0.7,1,1.5,0.01,1040
"268",0.75,1,1.5,0.01,1040
"269",0.8,1,1.5,0.01,1040
"270",0.85,1,1.5,0.01,1040
"271",0.9,1,1.5,0.01,1040
"272",0.95,1,1.5,0.01,1040
"273",1,1,1.5,0.01,1040
"274",0,1.5,1.5,0.01,59
"275",0.05,1.5,1.5,0.01,60
"276",0.1,1.5,1.5,0.01,122
"277",0.15,1.5,1.5,0.01,277
"278",0.2,1.5,1.5,0.01,511
"279",0.25,1.5,1.5,0.01,760
"280",0.3,1.5,1.5,0.01,940
"281",0.35,1.5,1.5,0.01,1018
"282",0.4,1.5,1.5,0.01,1037
"283",0.45,1.5,1.5,0.01,1040
"284",0.5,1.5,1.5,0.01,1040
"285",0.55,1.5,1.5,0.01,1040
"286",0.6,1.5,1.5,0.01,1040
"287",0.65,1.5,1.5,0.01,1040
"288",0.7,1.5,1.5,0.01,1040
"289",0.75,1.5,1.5,0.01,1040
"290",0.8,1.5,1.5,0.01,1040
"291",0.85,1.5,1.5,0.01,1040
"292",0.9,1.5,1.5,0.01,1040
"293",0.95,1.5,1.5,0.01,1040
"294",1,1.5,1.5,0.01,1040
"295",0,2,1.5,0.01,983
"296",0.05,2,1.5,0.01,984
"297",0.1,2,1.5,0.01,1007
"298",0.15,2,1.5,0.01,1031
"299",0.2,2,1.5,0.01,1038
"300",0.25,2,1.5,0.01,1039
"301",0.3,2,1.5,0.01,1040
"302",0.35,2,1.5,0.01,1040
"303",0.4,2,1.5,0.01,1040
"304",0.45,2,1.5,0.01,1040
"305",0.5,2,1.5,0.01,1040
"306",0.55,2,1.5,0.01,1040
"307",0.6,2,1.5,0.01,1040
"308",0.65,2,1.5,0.01,1040
"309",0.7,2,1.5,0.01,1040
"310",0.75,2,1.5,0.01,1040
"311",0.8,2,1.5,0.01,1040
"312",0.85,2,1.5,0.01,1040
"313",0.9,2,1.5,0.01,1040
"314",0.95,2,1.5,0.01,1040
"315",1,2,1.5,0.01,1040
"316",0,1,2,0.01,1040
"317",0.05,1,2,0.01,1040
"318",0.1,1,2,0.01,1040
"319",0.15,1,2,0.01,1040
"320",0.2,1,2,0.01,1040
"321",0.25,1,2,0.01,1040
"322",0.3,1,2,0.01,1040
"323",0.35,1,2,0.01,1040
"324",0.4,1,2,0.01,1040
"325",0.45,1,2,0.01,1040
"326",0.5,1,2,0.01,1040
"327",0.55,1,2,0.01,1040
"328",0.6,1,2,0.01,1040
"329",0.65,1,2,0.01,1040
"330",0.7,1,2,0.01,1040
"331",0.75,1,2,0.01,1040
"332",0.8,1,2,0.01,1040
"333",0.85,1,2,0.01,1040
"334",0.9,1,2,0.01,1040
"335",0.95,1,2,0.01,1040
"336",1,1,2,0.01,1040
"337",0,1.5,2,0.01,978
"338",0.05,1.5,2,0.01,981
"339",0.1,1.5,2,0.01,1001
"340",0.15,1.5,2,0.01,1021
"341",0.2,1.5,2,0.01,1033
"342",0.25,1.5,2,0.01,1037
"343",0.3,1.5,2,0.01,1040
"344",0.35,1.5,2,0.01,1040
"345",0.4,1.5,2,0.01,1040
"346",0.45,1.5,2,0.01,1040
"347",0.5,1.5,2,0.01,1040
"348",0.55,1.5,2,0.01,1040
"349",0.6,1.5,2,0.01,1040
"350",0.65,1.5,2,0.01,1040
"351",0.7,1.5,2,0.01,1040
"352",0.75,1.5,2,0.01,1040
"353",0.8,1.5,2,0.01,1040
"354",0.85,1.5,2,0.01,1040
"355",0.9,1.5,2,0.01,1040
"356",0.95,1.5,2,0.01,1040
"357",1,1.5,2,0.01,1040
"358",0,2,2,0.01,59
"359",0.05,2,2,0.01,55
"360",0.1,2,2,0.01,88
"361",0.15,2,2,0.01,148
"362",0.2,2,2,0.01,277
"363",0.25,2,2,0.01,450
"364",0.3,2,2,0.01,639
"365",0.35,2,2,0.01,811
"366",0.4,2,2,0.01,940
"367",0.45,2,2,0.01,1004
"368",0.5,2,2,0.01,1031
"369",0.55,2,2,0.01,1038
"370",0.6,2,2,0.01,1040
"371",0.65,2,2,0.01,1040
"372",0.7,2,2,0.01,1040
"373",0.75,2,2,0.01,1040
"374",0.8,2,2,0.01,1040
"375",0.85,2,2,0.01,1040
"376",0.9,2,2,0.01,1040
"377",0.95,2,2,0.01,1040
"378",1,2,2,0.01,1040
"379",0,1,1,0.005,50
"380",0.05,1,1,0.005,43
"381",0.1,1,1,0.005,171
"382",0.15,1,1,0.005,511
"383",0.2,1,1,0.005,874
"384",0.25,1,1,0.005,1003
"385",0.3,1,1,0.005,1018
"386",0.35,1,1,0.005,1019
"387",0.4,1,1,0.005,1019
"388",0.45,1,1,0.005,1019
"389",0.5,1,1,0.005,1019
"390",0.55,1,1,0.005,1019
"391",0.6,1,1,0.005,1019
"392",0.65,1,1,0.005,1019
"393",0.7,1,1,0.005,1019
"394",0.75,1,1,0.005,1019
"395",0.8,1,1,0.005,1019
"396",0.85,1,1,0.005,1019
"397",0.9,1,1,0.005,1019
"398",0.95,1,1,0.005,1019
"399",1,1,1,0.005,1019
"400",0,1.5,1,0.005,1019
"401",0.05,1.5,1,0.005,1019
"402",0.1,1.5,1,0.005,1019
"403",0.15,1.5,1,0.005,1019
"404",0.2,1.5,1,0.005,1019
"405",0.25,1.5,1,0.005,1019
"406",0.3,1.5,1,0.005,1019
"407",0.35,1.5,1,0.005,1019
"408",0.4,1.5,1,0.005,1019
"409",0.45,1.5,1,0.005,1019
"410",0.5,1.5,1,0.005,1019
"411",0.55,1.5,1,0.005,1019
"412",0.6,1.5,1,0.005,1019
"413",0.65,1.5,1,0.005,1019
"414",0.7,1.5,1,0.005,1019
"415",0.75,1.5,1,0.005,1019
"416",0.8,1.5,1,0.005,1019
"417",0.85,1.5,1,0.005,1019
"418",0.9,1.5,1,0.005,1019
"419",0.95,1.5,1,0.005,1019
"420",1,1.5,1,0.005,1019
"421",0,2,1,0.005,1019
"422",0.05,2,1,0.005,1019
"423",0.1,2,1,0.005,1019
"424",0.15,2,1,0.005,1019
"425",0.2,2,1,0.005,1019
"426",0.25,2,1,0.005,1019
"427",0.3,2,1,0.005,1019
"428",0.35,2,1,0.005,1019
"429",0.4,2,1,0.005,1019
"430",0.45,2,1,0.005,1019
"431",0.5,2,1,0.005,1019
"432",0.55,2,1,0.005,1019
"433",0.6,2,1,0.005,1019
"434",0.65,2,1,0.005,1019
"435",0.7,2,1,0.005,1019
"436",0.75,2,1,0.005,1019
"437",0.8,2,1,0.005,1019
"438",0.85,2,1,0.005,1019
"439",0.9,2,1,0.005,1019
"440",0.95,2,1,0.005,1019
"441",1,2,1,0.005,1019
"442",0,1,1.5,0.005,1019
"443",0.05,1,1.5,0.005,1019
"444",0.1,1,1.5,0.005,1019
"445",0.15,1,1.5,0.005,1019
"446",0.2,1,1.5,0.005,1019
"447",0.25,1,1.5,0.005,1019
"448",0.3,1,1.5,0.005,1019
"449",0.35,1,1.5,0.005,1019
"450",0.4,1,1.5,0.005,1019
"451",0.45,1,1.5,0.005,1019
"452",0.5,1,1.5,0.005,1019
"453",0.55,1,1.5,0.005,1019
"454",0.6,1,1.5,0.005,1019
"455",0.65,1,1.5,0.005,1019
"456",0.7,1,1.5,0.005,1019
"457",0.75,1,1.5,0.005,1019
"458",0.8,1,1.5,0.005,1019
"459",0.85,1,1.5,0.005,1019
"460",0.9,1,1.5,0.005,1019
"461",0.95,1,1.5,0.005,1019
"462",1,1,1.5,0.005,1019
"463",0,1.5,1.5,0.005,50
"464",0.05,1.5,1.5,0.005,55
"465",0.1,1.5,1.5,0.005,71
"466",0.15,1.5,1.5,0.005,171
"467",0.2,1.5,1.5,0.005,391
"468",0.25,1.5,1.5,0.005,639
"469",0.3,1.5,1.5,0.005,874
"470",0.35,1.5,1.5,0.005,974
"471",0.4,1.5,1.5,0.005,1011
"472",0.45,1.5,1.5,0.005,1018
"473",0.5,1.5,1.5,0.005,1019
"474",0.55,1.5,1.5,0.005,1019
"475",0.6,1.5,1.5,0.005,1019
"476",0.65,1.5,1.5,0.005,1019
"477",0.7,1.5,1.5,0.005,1019
"478",0.75,1.5,1.5,0.005,1019
"479",0.8,1.5,1.5,0.005,1019
"480",0.85,1.5,1.5,0.005,1019
"481",0.9,1.5,1.5,0.005,1019
"482",0.95,1.5,1.5,0.005,1019
"483",1,1.5,1.5,0.005,1019
"484",0,2,1.5,0.005,872
"485",0.05,2,1.5,0.005,895
"486",0.1,2,1.5,0.005,931
"487",0.15,2,1.5,0.005,985
"488",0.2,2,1.5,0.005,1009
"489",0.25,2,1.5,0.005,1015
"490",0.3,2,1.5,0.005,1018
"491",0.35,2,1.5,0.005,1019
"492",0.4,2,1.5,0.005,1019
"493",0.45,2,1.5,0.005,1019
"494",0.5,2,1.5,0.005,1019
"495",0.55,2,1.5,0.005,1019
"496",0.6,2,1.5,0.005,1019
"497",0.65,2,1.5,0.005,1019
"498",0.7,2,1.5,0.005,1019
"499",0.75,2,1.5,0.005,1019
"500",0.8,2,1.5,0.005,1019
"501",0.85,2,1.5,0.005,1019
"502",0.9,2,1.5,0.005,1019
"503",0.95,2,1.5,0.005,1019
"504",1,2,1.5,0.005,1019
"505",0,1,2,0.005,1019
"506",0.05,1,2,0.005,1019
"507",0.1,1,2,0.005,1019
"508",0.15,1,2,0.005,1019
"509",0.2,1,2,0.005,1019
"510",0.25,1,2,0.005,1019
"511",0.3,1,2,0.005,1019
"512",0.35,1,2,0.005,1019
"513",0.4,1,2,0.005,1019
"514",0.45,1,2,0.005,1019
"515",0.5,1,2,0.005,1019
"516",0.55,1,2,0.005,1019
"517",0.6,1,2,0.005,1019
"518",0.65,1,2,0.005,1019
"519",0.7,1,2,0.005,1019
"520",0.75,1,2,0.005,1019
"521",0.8,1,2,0.005,1019
"522",0.85,1,2,0.005,1019
"523",0.9,1,2,0.005,1019
"524",0.95,1,2,0.005,1019
"525",1,1,2,0.005,1019
"526",0,1.5,2,0.005,884
"527",0.05,1.5,2,0.005,909
"528",0.1,1.5,2,0.005,921
"529",0.15,1.5,2,0.005,986
"530",0.2,1.5,2,0.005,1001
"531",0.25,1.5,2,0.005,1014
"532",0.3,1.5,2,0.005,1017
"533",0.35,1.5,2,0.005,1019
"534",0.4,1.5,2,0.005,1019
"535",0.45,1.5,2,0.005,1019
"536",0.5,1.5,2,0.005,1019
"537",0.55,1.5,2,0.005,1019
"538",0.6,1.5,2,0.005,1019
"539",0.65,1.5,2,0.005,1019
"540",0.7,1.5,2,0.005,1019
"541",0.75,1.5,2,0.005,1019
"542",0.8,1.5,2,0.005,1019
"543",0.85,1.5,2,0.005,1019
"544",0.9,1.5,2,0.005,1019
"545",0.95,1.5,2,0.005,1019
"546",1,1.5,2,0.005,1019
"547",0,2,2,0.005,50
"548",0.05,2,2,0.005,45
"549",0.1,2,2,0.005,43
"550",0.15,2,2,0.005,88
"551",0.2,2,2,0.005,171
"552",0.25,2,2,0.005,320
"553",0.3,2,2,0.005,511
"554",0.35,2,2,0.005,700
"555",0.4,2,2,0.005,874
"556",0.45,2,2,0.005,957
"557",0.5,2,2,0.005,1003
"558",0.55,2,2,0.005,1014
"559",0.6,2,2,0.005,1018
"560",0.65,2,2,0.005,1019
"561",0.7,2,2,0.005,1019
"562",0.75,2,2,0.005,1019
"563",0.8,2,2,0.005,1019
"564",0.85,2,2,0.005,1019
"565",0.9,2,2,0.005,1019
"566",0.95,2,2,0.005,1019
"567",1,2,2,0.005,1019
"568",0,1,1,0.001,5
"569",0.05,1,1,0.001,26
"570",0.1,1,1,0.001,72
"571",0.15,1,1,0.001,313
"572",0.2,1,1,0.001,671
"573",0.25,1,1,0.001,941
"574",0.3,1,1,0.001,999
"575",0.35,1,1,0.001,1005
"576",0.4,1,1,0.001,1005
"577",0.45,1,1,0.001,1005
"578",0.5,1,1,0.001,1005
"579",0.55,1,1,0.001,1005
"580",0.6,1,1,0.001,1005
"581",0.65,1,1,0.001,1005
"582",0.7,1,1,0.001,1005
"583",0.75,1,1,0.001,1005
"584",0.8,1,1,0.001,1005
"585",0.85,1,1,0.001,1005
"586",0.9,1,1,0.001,1005
"587",0.95,1,1,0.001,1005
"588",1,1,1,0.001,1005
"589",0,1.5,1,0.001,1003
"590",0.05,1.5,1,0.001,1005
"591",0.1,1.5,1,0.001,1005
"592",0.15,1.5,1,0.001,1005
"593",0.2,1.5,1,0.001,1005
"594",0.25,1.5,1,0.001,1005
"595",0.3,1.5,1,0.001,1005
"596",0.35,1.5,1,0.001,1005
"597",0.4,1.5,1,0.001,1005
"598",0.45,1.5,1,0.001,1005
"599",0.5,1.5,1,0.001,1005
"600",0.55,1.5,1,0.001,1005
"601",0.6,1.5,1,0.001,1005
"602",0.65,1.5,1,0.001,1005
"603",0.7,1.5,1,0.001,1005
"604",0.75,1.5,1,0.001,1005
"605",0.8,1.5,1,0.001,1005
"606",0.85,1.5,1,0.001,1005
"607",0.9,1.5,1,0.001,1005
"608",0.95,1.5,1,0.001,1005
"609",1,1.5,1,0.001,1005
"610",0,2,1,0.001,1005
"611",0.05,2,1,0.001,1005
"612",0.1,2,1,0.001,1005
"613",0.15,2,1,0.001,1005
"614",0.2,2,1,0.001,1005
"615",0.25,2,1,0.001,1005
"616",0.3,2,1,0.001,1005
"617",0.35,2,1,0.001,1005
"618",0.4,2,1,0.001,1005
"619",0.45,2,1,0.001,1005
"620",0.5,2,1,0.001,1005
"621",0.55,2,1,0.001,1005
"622",0.6,2,1,0.001,1005
"623",0.65,2,1,0.001,1005
"624",0.7,2,1,0.001,1005
"625",0.75,2,1,0.001,1005
"626",0.8,2,1,0.001,1005
"627",0.85,2,1,0.001,1005
"628",0.9,2,1,0.001,1005
"629",0.95,2,1,0.001,1005
"630",1,2,1,0.001,1005
"631",0,1,1.5,0.001,1005
"632",0.05,1,1.5,0.001,1000
"633",0.1,1,1.5,0.001,1002
"634",0.15,1,1.5,0.001,1003
"635",0.2,1,1.5,0.001,1005
"636",0.25,1,1.5,0.001,1005
"637",0.3,1,1.5,0.001,1005
"638",0.35,1,1.5,0.001,1005
"639",0.4,1,1.5,0.001,1005
"640",0.45,1,1.5,0.001,1005
"641",0.5,1,1.5,0.001,1005
"642",0.55,1,1.5,0.001,1005
"643",0.6,1,1.5,0.001,1005
"644",0.65,1,1.5,0.001,1005
"645",0.7,1,1.5,0.001,1005
"646",0.75,1,1.5,0.001,1005
"647",0.8,1,1.5,0.001,1005
"648",0.85,1,1.5,0.001,1005
"649",0.9,1,1.5,0.001,1005
"650",0.95,1,1.5,0.001,1005
"651",1,1,1.5,0.001,1005
"652",0,1.5,1.5,0.001,5
"653",0.05,1.5,1.5,0.001,7
"654",0.1,1.5,1.5,0.001,20
"655",0.15,1.5,1.5,0.001,72
"656",0.2,1.5,1.5,0.001,199
"657",0.25,1.5,1.5,0.001,433
"658",0.3,1.5,1.5,0.001,671
"659",0.35,1.5,1.5,0.001,871
"660",0.4,1.5,1.5,0.001,969
"661",0.45,1.5,1.5,0.001,999
"662",0.5,1.5,1.5,0.001,1006
"663",0.55,1.5,1.5,0.001,1005
"664",0.6,1.5,1.5,0.001,1005
"665",0.65,1.5,1.5,0.001,1005
"666",0.7,1.5,1.5,0.001,1005
"667",0.75,1.5,1.5,0.001,1005
"668",0.8,1.5,1.5,0.001,1005
"669",0.85,1.5,1.5,0.001,1005
"670",0.9,1.5,1.5,0.001,1005
"671",0.95,1.5,1.5,0.001,1005
"672",1,1.5,1.5,0.001,1005
"673",0,2,1.5,0.001,567
"674",0.05,2,1.5,0.001,634
"675",0.1,2,1.5,0.001,701
"676",0.15,2,1.5,0.001,837
"677",0.2,2,1.5,0.001,934
"678",0.25,2,1.5,0.001,986
"679",0.3,2,1.5,0.001,1000
"680",0.35,2,1.5,0.001,1006
"681",0.4,2,1.5,0.001,1007
"682",0.45,2,1.5,0.001,1005
"683",0.5,2,1.5,0.001,1005
"684",0.55,2,1.5,0.001,1005
"685",0.6,2,1.5,0.001,1005
"686",0.65,2,1.5,0.001,1005
"687",0.7,2,1.5,0.001,1005
"688",0.75,2,1.5,0.001,1005
"689",0.8,2,1.5,0.001,1005
"690",0.85,2,1.5,0.001,1005
"691",0.9,2,1.5,0.001,1005
"692",0.95,2,1.5,0.001,1005
"693",1,2,1.5,0.001,1005
"694",0,1,2,0.001,1005
"695",0.05,1,2,0.001,1005
"696",0.1,1,2,0.001,1005
"697",0.15,1,2,0.001,1005
"698",0.2,1,2,0.001,1005
"699",0.25,1,2,0.001,1005
"700",0.3,1,2,0.001,1005
"701",0.35,1,2,0.001,1005
"702",0.4,1,2,0.001,1005
"703",0.45,1,2,0.001,1005
"704",0.5,1,2,0.001,1005
"705",0.55,1,2,0.001,1005
"706",0.6,1,2,0.001,1005
"707",0.65,1,2,0.001,1005
"708",0.7,1,2,0.001,1005
"709",0.75,1,2,0.001,1005
"710",0.8,1,2,0.001,1005
"711",0.85,1,2,0.001,1005
"712",0.9,1,2,0.001,1005
"713",0.95,1,2,0.001,1005
"714",1,1,2,0.001,1005
"715",0,1.5,2,0.001,561
"716",0.05,1.5,2,0.001,594
"717",0.1,1.5,2,0.001,678
"718",0.15,1.5,2,0.001,835
"719",0.2,1.5,2,0.001,921
"720",0.25,1.5,2,0.001,978
"721",0.3,1.5,2,0.001,998
"722",0.35,1.5,2,0.001,1003
"723",0.4,1.5,2,0.001,1005
"724",0.45,1.5,2,0.001,1005
"725",0.5,1.5,2,0.001,1005
"726",0.55,1.5,2,0.001,1005
"727",0.6,1.5,2,0.001,1005
"728",0.65,1.5,2,0.001,1005
"729",0.7,1.5,2,0.001,1005
"730",0.75,1.5,2,0.001,1005
"731",0.8,1.5,2,0.001,1005
"732",0.85,1.5,2,0.001,1005
"733",0.9,1.5,2,0.001,1005
"734",0.95,1.5,2,0.001,1005
"735",1,1.5,2,0.001,1005
"736",0,2,2,0.001,5
"737",0.05,2,2,0.001,7
"738",0.1,2,2,0.001,26
"739",0.15,2,2,0.001,28
"740",0.2,2,2,0.001,72
"741",0.25,2,2,0.001,172
"742",0.3,2,2,0.001,313
"743",0.35,2,2,0.001,493
"744",0.4,2,2,0.001,671
"745",0.45,2,2,0.001,828
"746",0.5,2,2,0.001,941
"747",0.55,2,2,0.001,983
"748",0.6,2,2,0.001,999
"749",0.65,2,2,0.001,1006
"750",0.7,2,2,0.001,1005
"751",0.75,2,2,0.001,1005
"752",0.8,2,2,0.001,1005
"753",0.85,2,2,0.001,1005
"754",0.9,2,2,0.001,1005
"755",0.95,2,2,0.001,1005
"756",1,2,2,0.001,1005
"757",0,1,1,5e-04,3
"758",0.05,1,1,5e-04,9
"759",0.1,1,1,5e-04,51
"760",0.15,1,1,5e-04,231
"761",0.2,1,1,5e-04,613
"762",0.25,1,1,5e-04,899
"763",0.3,1,1,5e-04,992
"764",0.35,1,1,5e-04,1002
"765",0.4,1,1,5e-04,1003
"766",0.45,1,1,5e-04,1003
"767",0.5,1,1,5e-04,1003
"768",0.55,1,1,5e-04,1003
"769",0.6,1,1,5e-04,1003
"770",0.65,1,1,5e-04,1003
"771",0.7,1,1,5e-04,1003
"772",0.75,1,1,5e-04,1003
"773",0.8,1,1,5e-04,1003
"774",0.85,1,1,5e-04,1003
"775",0.9,1,1,5e-04,1003
"776",0.95,1,1,5e-04,1003
"777",1,1,1,5e-04,1003
"778",0,1.5,1,5e-04,990
"779",0.05,1.5,1,5e-04,998
"780",0.1,1.5,1,5e-04,1003
"781",0.15,1.5,1,5e-04,1003
"782",0.2,1.5,1,5e-04,1003
"783",0.25,1.5,1,5e-04,1003
"784",0.3,1.5,1,5e-04,1003
"785",0.35,1.5,1,5e-04,1003
"786",0.4,1.5,1,5e-04,1003
"787",0.45,1.5,1,5e-04,1003
"788",0.5,1.5,1,5e-04,1003
"789",0.55,1.5,1,5e-04,1003
"790",0.6,1.5,1,5e-04,1003
"791",0.65,1.5,1,5e-04,1003
"792",0.7,1.5,1,5e-04,1003
"793",0.75,1.5,1,5e-04,1003
"794",0.8,1.5,1,5e-04,1003
"795",0.85,1.5,1,5e-04,1003
"796",0.9,1.5,1,5e-04,1003
"797",0.95,1.5,1,5e-04,1003
"798",1,1.5,1,5e-04,1003
"799",0,2,1,5e-04,1003
"800",0.05,2,1,5e-04,1003
"801",0.1,2,1,5e-04,1003
"802",0.15,2,1,5e-04,1003
"803",0.2,2,1,5e-04,1003
"804",0.25,2,1,5e-04,1003
"805",0.3,2,1,5e-04,1003
"806",0.35,2,1,5e-04,1003
"807",0.4,2,1,5e-04,1003
"808",0.45,2,1,5e-04,1003
"809",0.5,2,1,5e-04,1003
"810",0.55,2,1,5e-04,1003
"811",0.6,2,1,5e-04,1003
"812",0.65,2,1,5e-04,1003
"813",0.7,2,1,5e-04,1003
"814",0.75,2,1,5e-04,1003
"815",0.8,2,1,5e-04,1003
"816",0.85,2,1,5e-04,1003
"817",0.9,2,1,5e-04,1003
"818",0.95,2,1,5e-04,1003
"819",1,2,1,5e-04,1003
"820",0,1,1.5,5e-04,998
"821",0.05,1,1.5,5e-04,996
"822",0.1,1,1.5,5e-04,998
"823",0.15,1,1.5,5e-04,1001
"824",0.2,1,1.5,5e-04,1003
"825",0.25,1,1.5,5e-04,1003
"826",0.3,1,1.5,5e-04,1003
"827",0.35,1,1.5,5e-04,1003
"828",0.4,1,1.5,5e-04,1003
"829",0.45,1,1.5,5e-04,1003
"830",0.5,1,1.5,5e-04,1003
"831",0.55,1,1.5,5e-04,1003
"832",0.6,1,1.5,5e-04,1003
"833",0.65,1,1.5,5e-04,1003
"834",0.7,1,1.5,5e-04,1003
"835",0.75,1,1.5,5e-04,1003
"836",0.8,1,1.5,5e-04,1003
"837",0.85,1,1.5,5e-04,1003
"838",0.9,1,1.5,5e-04,1003
"839",0.95,1,1.5,5e-04,1003
"840",1,1,1.5,5e-04,1003
"841",0,1.5,1.5,5e-04,3
"842",0.05,1.5,1.5,5e-04,4
"843",0.1,1.5,1.5,5e-04,14
"844",0.15,1.5,1.5,5e-04,51
"845",0.2,1.5,1.5,5e-04,139
"846",0.25,1.5,1.5,5e-04,357
"847",0.3,1.5,1.5,5e-04,613
"848",0.35,1.5,1.5,5e-04,813
"849",0.4,1.5,1.5,5e-04,948
"850",0.45,1.5,1.5,5e-04,992
"851",0.5,1.5,1.5,5e-04,1001
"852",0.55,1.5,1.5,5e-04,1003
"853",0.6,1.5,1.5,5e-04,1003
"854",0.65,1.5,1.5,5e-04,1003
"855",0.7,1.5,1.5,5e-04,1003
"856",0.75,1.5,1.5,5e-04,1003
"857",0.8,1.5,1.5,5e-04,1003
"858",0.85,1.5,1.5,5e-04,1003
"859",0.9,1.5,1.5,5e-04,1003
"860",0.95,1.5,1.5,5e-04,1003
"861",1,1.5,1.5,5e-04,1003
"862",0,2,1.5,5e-04,417
"863",0.05,2,1.5,5e-04,461
"864",0.1,2,1.5,5e-04,591
"865",0.15,2,1.5,5e-04,748
"866",0.2,2,1.5,5e-04,873
"867",0.25,2,1.5,5e-04,966
"868",0.3,2,1.5,5e-04,995
"869",0.35,2,1.5,5e-04,1001
"870",0.4,2,1.5,5e-04,1002
"871",0.45,2,1.5,5e-04,1003
"872",0.5,2,1.5,5e-04,1003
"873",0.55,2,1.5,5e-04,1003
"874",0.6,2,1.5,5e-04,1003
"875",0.65,2,1.5,5e-04,1003
"876",0.7,2,1.5,5e-04,1003
"877",0.75,2,1.5,5e-04,1003
"878",0.8,2,1.5,5e-04,1003
"879",0.85,2,1.5,5e-04,1003
"880",0.9,2,1.5,5e-04,1003
"881",0.95,2,1.5,5e-04,1003
"882",1,2,1.5,5e-04,1003
"883",0,1,2,5e-04,1003
"884",0.05,1,2,5e-04,1003
"885",0.1,1,2,5e-04,1003
"886",0.15,1,2,5e-04,1003
"887",0.2,1,2,5e-04,1003
"888",0.25,1,2,5e-04,1003
"889",0.3,1,2,5e-04,1003
"890",0.35,1,2,5e-04,1003
"891",0.4,1,2,5e-04,1003
"892",0.45,1,2,5e-04,1003
"893",0.5,1,2,5e-04,1003
"894",0.55,1,2,5e-04,1003
"895",0.6,1,2,5e-04,1003
"896",0.65,1,2,5e-04,1003
"897",0.7,1,2,5e-04,1003
"898",0.75,1,2,5e-04,1003
"899",0.8,1,2,5e-04,1003
"900",0.85,1,2,5e-04,1003
"901",0.9,1,2,5e-04,1003
"902",0.95,1,2,5e-04,1003
"903",1,1,2,5e-04,1003
"904",0,1.5,2,5e-04,408
"905",0.05,1.5,2,5e-04,454
"906",0.1,1.5,2,5e-04,569
"907",0.15,1.5,2,5e-04,762
"908",0.2,1.5,2,5e-04,883
"909",0.25,1.5,2,5e-04,956
"910",0.3,1.5,2,5e-04,991
"911",0.35,1.5,2,5e-04,998
"912",0.4,1.5,2,5e-04,1003
"913",0.45,1.5,2,5e-04,1003
"914",0.5,1.5,2,5e-04,1003
"915",0.55,1.5,2,5e-04,1003
"916",0.6,1.5,2,5e-04,1003
"917",0.65,1.5,2,5e-04,1003
"918",0.7,1.5,2,5e-04,1003
"919",0.75,1.5,2,5e-04,1003
"920",0.8,1.5,2,5e-04,1003
"921",0.85,1.5,2,5e-04,1003
"922",0.9,1.5,2,5e-04,1003
"923",0.95,1.5,2,5e-04,1003
"924",1,1.5,2,5e-04,1003
"925",0,2,2,5e-04,3
"926",0.05,2,2,5e-04,4
"927",0.1,2,2,5e-04,9
"928",0.15,2,2,5e-04,17
"929",0.2,2,2,5e-04,51
"930",0.25,2,2,5e-04,107
"931",0.3,2,2,5e-04,231
"932",0.35,2,2,5e-04,398
"933",0.4,2,2,5e-04,613
"934",0.45,2,2,5e-04,756
"935",0.5,2,2,5e-04,899
"936",0.55,2,2,5e-04,961
"937",0.6,2,2,5e-04,992
"938",0.65,2,2,5e-04,1000
"939",0.7,2,2,5e-04,1002
"940",0.75,2,2,5e-04,1003
"941",0.8,2,2,5e-04,1003
"942",0.85,2,2,5e-04,1003
"943",0.9,2,2,5e-04,1003
"944",0.95,2,2,5e-04,1003
"945",1,2,2,5e-04,1003
"946",0,1,1,1e-04,0
"947",0.05,1,1,1e-04,2
"948",0.1,1,1,1e-04,19
"949",0.15,1,1,1e-04,122
"950",0.2,1,1,1e-04,428
"951",0.25,1,1,1e-04,777
"952",0.3,1,1,1e-04,966
"953",0.35,1,1,1e-04,998
"954",0.4,1,1,1e-04,1000
"955",0.45,1,1,1e-04,1000
"956",0.5,1,1,1e-04,1000
"957",0.55,1,1,1e-04,1000
"958",0.6,1,1,1e-04,1000
"959",0.65,1,1,1e-04,1000
"960",0.7,1,1,1e-04,1000
"961",0.75,1,1,1e-04,1000
"962",0.8,1,1,1e-04,1000
"963",0.85,1,1,1e-04,1000
"964",0.9,1,1,1e-04,1000
"965",0.95,1,1,1e-04,1000
"966",1,1,1,1e-04,1000
"967",0,1.5,1,1e-04,933
"968",0.05,1.5,1,1e-04,947
"969",0.1,1.5,1,1e-04,983
"970",0.15,1.5,1,1e-04,998
"971",0.2,1.5,1,1e-04,999
"972",0.25,1.5,1,1e-04,1000
"973",0.3,1.5,1,1e-04,1000
"974",0.35,1.5,1,1e-04,1000
"975",0.4,1.5,1,1e-04,1000
"976",0.45,1.5,1,1e-04,1000
"977",0.5,1.5,1,1e-04,1000
"978",0.55,1.5,1,1e-04,1000
"979",0.6,1.5,1,1e-04,1000
"980",0.65,1.5,1,1e-04,1000
"981",0.7,1.5,1,1e-04,1000
"982",0.75,1.5,1,1e-04,1000
"983",0.8,1.5,1,1e-04,1000
"984",0.85,1.5,1,1e-04,1000
"985",0.9,1.5,1,1e-04,1000
"986",0.95,1.5,1,1e-04,1000
"987",1,1.5,1,1e-04,1000
"988",0,2,1,1e-04,1000
"989",0.05,2,1,1e-04,1000
"990",0.1,2,1,1e-04,1000
"991",0.15,2,1,1e-04,1000
"992",0.2,2,1,1e-04,1000
"993",0.25,2,1,1e-04,1000
"994",0.3,2,1,1e-04,1000
"995",0.35,2,1,1e-04,1000
"996",0.4,2,1,1e-04,1000
"997",0.45,2,1,1e-04,1000
"998",0.5,2,1,1e-04,1000
"999",0.55,2,1,1e-04,1000
"1000",0.6,2,1,1e-04,1000
"1001",0.65,2,1,1e-04,1000
"1002",0.7,2,1,1e-04,1000
"1003",0.75,2,1,1e-04,1000
"1004",0.8,2,1,1e-04,1000
"1005",0.85,2,1,1e-04,1000
"1006",0.9,2,1,1e-04,1000
"1007",0.95,2,1,1e-04,1000
"1008",1,2,1,1e-04,1000
"1009",0,1,1.5,1e-04,931
"1010",0.05,1,1.5,1e-04,944
"1011",0.1,1,1.5,1e-04,972
"1012",0.15,1,1.5,1e-04,992
"1013",0.2,1,1.5,1e-04,998
"1014",0.25,1,1.5,1e-04,1000
"1015",0.3,1,1.5,1e-04,1000
"1016",0.35,1,1.5,1e-04,1000
"1017",0.4,1,1.5,1e-04,1000
"1018",0.45,1,1.5,1e-04,1000
"1019",0.5,1,1.5,1e-04,1000
"1020",0.55,1,1.5,1e-04,1000
"1021",0.6,1,1.5,1e-04,1000
"1022",0.65,1,1.5,1e-04,1000
"1023",0.7,1,1.5,1e-04,1000
"1024",0.75,1,1.5,1e-04,1000
"1025",0.8,1,1.5,1e-04,1000
"1026",0.85,1,1.5,1e-04,1000
"1027",0.9,1,1.5,1e-04,1000
"1028",0.95,1,1.5,1e-04,1000
"1029",1,1,1.5,1e-04,1000
"1030",0,1.5,1.5,1e-04,0
"1031",0.05,1.5,1.5,1e-04,0
"1032",0.1,1.5,1.5,1e-04,4
"1033",0.15,1.5,1.5,1e-04,19
"1034",0.2,1.5,1.5,1e-04,67
"1035",0.25,1.5,1.5,1e-04,200
"1036",0.3,1.5,1.5,1e-04,428
"1037",0.35,1.5,1.5,1e-04,679
"1038",0.4,1.5,1.5,1e-04,874
"1039",0.45,1.5,1.5,1e-04,966
"1040",0.5,1.5,1.5,1e-04,994
"1041",0.55,1.5,1.5,1e-04,999
"1042",0.6,1.5,1.5,1e-04,1000
"1043",0.65,1.5,1.5,1e-04,1000
"1044",0.7,1.5,1.5,1e-04,1000
"1045",0.75,1.5,1.5,1e-04,1000
"1046",0.8,1.5,1.5,1e-04,1000
"1047",0.85,1.5,1.5,1e-04,1000
"1048",0.9,1.5,1.5,1e-04,1000
"1049",0.95,1.5,1.5,1e-04,1000
"1050",1,1.5,1.5,1e-04,1000
"1051",0,2,1.5,1e-04,193
"1052",0.05,2,1.5,1e-04,238
"1053",0.1,2,1.5,1e-04,382
"1054",0.15,2,1.5,1e-04,559
"1055",0.2,2,1.5,1e-04,738
"1056",0.25,2,1.5,1e-04,870
"1057",0.3,2,1.5,1e-04,965
"1058",0.35,2,1.5,1e-04,987
"1059",0.4,2,1.5,1e-04,999
"1060",0.45,2,1.5,1e-04,999
"1061",0.5,2,1.5,1e-04,1000
"1062",0.55,2,1.5,1e-04,1000
"1063",0.6,2,1.5,1e-04,1000
"1064",0.65,2,1.5,1e-04,1000
"1065",0.7,2,1.5,1e-04,1000
"1066",0.75,2,1.5,1e-04,1000
"1067",0.8,2,1.5,1e-04,1000
"1068",0.85,2,1.5,1e-04,1000
"1069",0.9,2,1.5,1e-04,1000
"1070",0.95,2,1.5,1e-04,1000
"1071",1,2,1.5,1e-04,1000
"1072",0,1,2,1e-04,1000
"1073",0.05,1,2,1e-04,1000
"1074",0.1,1,2,1e-04,1000
"1075",0.15,1,2,1e-04,1000
"1076",0.2,1,2,1e-04,1000
"1077",0.25,1,2,1e-04,1000
"1078",0.3,1,2,1e-04,1000
"1079",0.35,1,2,1e-04,1000
"1080",0.4,1,2,1e-04,1000
"1081",0.45,1,2,1e-04,1000
"1082",0.5,1,2,1e-04,1000
"1083",0.55,1,2,1e-04,1000
"1084",0.6,1,2,1e-04,1000
"1085",0.65,1,2,1e-04,1000
"1086",0.7,1,2,1e-04,1000
"1087",0.75,1,2,1e-04,1000
"1088",0.8,1,2,1e-04,1000
"1089",0.85,1,2,1e-04,1000
"1090",0.9,1,2,1e-04,1000
"1091",0.95,1,2,1e-04,1000
"1092",1,1,2,1e-04,1000
"1093",0,1.5,2,1e-04,194
"1094",0.05,1.5,2,1e-04,225
"1095",0.1,1.5,2,1e-04,368
"1096",0.15,1.5,2,1e-04,544
"1097",0.2,1.5,2,1e-04,727
"1098",0.25,1.5,2,1e-04,866
"1099",0.3,1.5,2,1e-04,950
"1100",0.35,1.5,2,1e-04,986
"1101",0.4,1.5,2,1e-04,998
"1102",0.45,1.5,2,1e-04,1000
"1103",0.5,1.5,2,1e-04,1000
"1104",0.55,1.5,2,1e-04,1000
"1105",0.6,1.5,2,1e-04,1000
"1106",0.65,1.5,2,1e-04,1000
"1107",0.7,1.5,2,1e-04,1000
"1108",0.75,1.5,2,1e-04,1000
"1109",0.8,1.5,2,1e-04,1000
"1110",0.85,1.5,2,1e-04,1000
"1111",0.9,1.5,2,1e-04,1000
"1112",0.95,1.5,2,1e-04,1000
"1113",1,1.5,2,1e-04,1000
"1114",0,2,2,1e-04,0
"1115",0.05,2,2,1e-04,0
"1116",0.1,2,2,1e-04,2
"1117",0.15,2,2,1e-04,5
"1118",0.2,2,2,1e-04,19
"1119",0.25,2,2,1e-04,56
"1120",0.3,2,2,1e-04,122
"1121",0.35,2,2,1e-04,251
"1122",0.4,2,2,1e-04,428
"1123",0.45,2,2,1e-04,617
"1124",0.5,2,2,1e-04,777
"1125",0.55,2,2,1e-04,915
"1126",0.6,2,2,1e-04,966
"1127",0.65,2,2,1e-04,990
"1128",0.7,2,2,1e-04,998
"1129",0.75,2,2,1e-04,999
"1130",0.8,2,2,1e-04,1000
"1131",0.85,2,2,1e-04,1000
"1132",0.9,2,2,1e-04,1000
"1133",0.95,2,2,1e-04,1000
"1134",1,2,2,1e-04,1000
"1135",0,1,1,5e-05,0
"1136",0.05,1,1,5e-05,2
"1137",0.1,1,1,5e-05,13
"1138",0.15,1,1,5e-05,95
"1139",0.2,1,1,5e-05,372
"1140",0.25,1,1,5e-05,736
"1141",0.3,1,1,5e-05,952
"1142",0.35,1,1,5e-05,996
"1143",0.4,1,1,5e-05,1000
"1144",0.45,1,1,5e-05,1000
"1145",0.5,1,1,5e-05,1000
"1146",0.55,1,1,5e-05,1000
"1147",0.6,1,1,5e-05,1000
"1148",0.65,1,1,5e-05,1000
"1149",0.7,1,1,5e-05,1000
"1150",0.75,1,1,5e-05,1000
"1151",0.8,1,1,5e-05,1000
"1152",0.85,1,1,5e-05,1000
"1153",0.9,1,1,5e-05,1000
"1154",0.95,1,1,5e-05,1000
"1155",1,1,1,5e-05,1000
"1156",0,1.5,1,5e-05,885
"1157",0.05,1.5,1,5e-05,918
"1158",0.1,1.5,1,5e-05,964
"1159",0.15,1.5,1,5e-05,995
"1160",0.2,1.5,1,5e-05,998
"1161",0.25,1.5,1,5e-05,1000
"1162",0.3,1.5,1,5e-05,1000
"1163",0.35,1.5,1,5e-05,1000
"1164",0.4,1.5,1,5e-05,1000
"1165",0.45,1.5,1,5e-05,1000
"1166",0.5,1.5,1,5e-05,1000
"1167",0.55,1.5,1,5e-05,1000
"1168",0.6,1.5,1,5e-05,1000
"1169",0.65,1.5,1,5e-05,1000
"1170",0.7,1.5,1,5e-05,1000
"1171",0.75,1.5,1,5e-05,1000
"1172",0.8,1.5,1,5e-05,1000
"1173",0.85,1.5,1,5e-05,1000
"1174",0.9,1.5,1,5e-05,1000
"1175",0.95,1.5,1,5e-05,1000
"1176",1,1.5,1,5e-05,1000
"1177",0,2,1,5e-05,1000
"1178",0.05,2,1,5e-05,1000
"1179",0.1,2,1,5e-05,1000
"1180",0.15,2,1,5e-05,1000
"1181",0.2,2,1,5e-05,1000
"1182",0.25,2,1,5e-05,1000
"1183",0.3,2,1,5e-05,1000
"1184",0.35,2,1,5e-05,1000
"1185",0.4,2,1,5e-05,1000
"1186",0.45,2,1,5e-05,1000
"1187",0.5,2,1,5e-05,1000
"1188",0.55,2,1,5e-05,1000
"1189",0.6,2,1,5e-05,1000
"1190",0.65,2,1,5e-05,1000
"1191",0.7,2,1,5e-05,1000
"1192",0.75,2,1,5e-05,1000
"1193",0.8,2,1,5e-05,1000
"1194",0.85,2,1,5e-05,1000
"1195",0.9,2,1,5e-05,1000
"1196",0.95,2,1,5e-05,1000
"1197",1,2,1,5e-05,1000
"1198",0,1,1.5,5e-05,885
"1199",0.05,1,1.5,5e-05,889
"1200",0.1,1,1.5,5e-05,956
"1201",0.15,1,1.5,5e-05,988
"1202",0.2,1,1.5,5e-05,997
"1203",0.25,1,1.5,5e-05,1000
"1204",0.3,1,1.5,5e-05,1000
"1205",0.35,1,1.5,5e-05,1000
"1206",0.4,1,1.5,5e-05,1000
"1207",0.45,1,1.5,5e-05,1000
"1208",0.5,1,1.5,5e-05,1000
"1209",0.55,1,1.5,5e-05,1000
"1210",0.6,1,1.5,5e-05,1000
"1211",0.65,1,1.5,5e-05,1000
"1212",0.7,1,1.5,5e-05,1000
"1213",0.75,1,1.5,5e-05,1000
"1214",0.8,1,1.5,5e-05,1000
"1215",0.85,1,1.5,5e-05,1000
"1216",0.9,1,1.5,5e-05,1000
"1217",0.95,1,1.5,5e-05,1000
"1218",1,1,1.5,5e-05,1000
"1219",0,1.5,1.5,5e-05,0
"1220",0.05,1.5,1.5,5e-05,0
"1221",0.1,1.5,1.5,5e-05,4
"1222",0.15,1.5,1.5,5e-05,13
"1223",0.2,1.5,1.5,5e-05,56
"1224",0.25,1.5,1.5,5e-05,160
"1225",0.3,1.5,1.5,5e-05,372
"1226",0.35,1.5,1.5,5e-05,623
"1227",0.4,1.5,1.5,5e-05,825
"1228",0.45,1.5,1.5,5e-05,952
"1229",0.5,1.5,1.5,5e-05,991
"1230",0.55,1.5,1.5,5e-05,999
"1231",0.6,1.5,1.5,5e-05,1000
"1232",0.65,1.5,1.5,5e-05,1000
"1233",0.7,1.5,1.5,5e-05,1000
"1234",0.75,1.5,1.5,5e-05,1000
"1235",0.8,1.5,1.5,5e-05,1000
"1236",0.85,1.5,1.5,5e-05,1000
"1237",0.9,1.5,1.5,5e-05,1000
"1238",0.95,1.5,1.5,5e-05,1000
"1239",1,1.5,1.5,5e-05,1000
"1240",0,2,1.5,5e-05,138
"1241",0.05,2,1.5,5e-05,172
"1242",0.1,2,1.5,5e-05,307
"1243",0.15,2,1.5,5e-05,485
"1244",0.2,2,1.5,5e-05,672
"1245",0.25,2,1.5,5e-05,824
"1246",0.3,2,1.5,5e-05,937
"1247",0.35,2,1.5,5e-05,983
"1248",0.4,2,1.5,5e-05,997
"1249",0.45,2,1.5,5e-05,999
"1250",0.5,2,1.5,5e-05,1000
"1251",0.55,2,1.5,5e-05,1000
"1252",0.6,2,1.5,5e-05,1000
"1253",0.65,2,1.5,5e-05,1000
"1254",0.7,2,1.5,5e-05,1000
"1255",0.75,2,1.5,5e-05,1000
"1256",0.8,2,1.5,5e-05,1000
"1257",0.85,2,1.5,5e-05,1000
"1258",0.9,2,1.5,5e-05,1000
"1259",0.95,2,1.5,5e-05,1000
"1260",1,2,1.5,5e-05,1000
"1261",0,1,2,5e-05,1000
"1262",0.05,1,2,5e-05,1000
"1263",0.1,1,2,5e-05,1000
"1264",0.15,1,2,5e-05,1000
"1265",0.2,1,2,5e-05,1000
"1266",0.25,1,2,5e-05,1000
"1267",0.3,1,2,5e-05,1000
"1268",0.35,1,2,5e-05,1000
"1269",0.4,1,2,5e-05,1000
"1270",0.45,1,2,5e-05,1000
"1271",0.5,1,2,5e-05,1000
"1272",0.55,1,2,5e-05,1000
"1273",0.6,1,2,5e-05,1000
"1274",0.65,1,2,5e-05,1000
"1275",0.7,1,2,5e-05,1000
"1276",0.75,1,2,5e-05,1000
"1277",0.8,1,2,5e-05,1000
"1278",0.85,1,2,5e-05,1000
"1279",0.9,1,2,5e-05,1000
"1280",0.95,1,2,5e-05,1000
"1281",1,1,2,5e-05,1000
"1282",0,1.5,2,5e-05,134
"1283",0.05,1.5,2,5e-05,169
"1284",0.1,1.5,2,5e-05,306
"1285",0.15,1.5,2,5e-05,473
"1286",0.2,1.5,2,5e-05,661
"1287",0.25,1.5,2,5e-05,827
"1288",0.3,1.5,2,5e-05,934
"1289",0.35,1.5,2,5e-05,977
"1290",0.4,1.5,2,5e-05,994
"1291",0.45,1.5,2,5e-05,999
"1292",0.5,1.5,2,5e-05,1000
"1293",0.55,1.5,2,5e-05,1000
"1294",0.6,1.5,2,5e-05,1000
"1295",0.65,1.5,2,5e-05,1000
"1296",0.7,1.5,2,5e-05,1000
"1297",0.75,1.5,2,5e-05,1000
"1298",0.8,1.5,2,5e-05,1000
"1299",0.85,1.5,2,5e-05,1000
"1300",0.9,1.5,2,5e-05,1000
"1301",0.95,1.5,2,5e-05,1000
"1302",1,1.5,2,5e-05,1000
"1303",0,2,2,5e-05,0
"1304",0.05,2,2,5e-05,0
"1305",0.1,2,2,5e-05,0
"1306",0.15,2,2,5e-05,0
"1307",0.2,2,2,5e-05,0
"1308",0.25,2,2,5e-05,0
"1309",0.3,2,2,5e-05,0
"1310",0.35,2,2,5e-05,0
"1311",0.4,2,2,5e-05,0
"1312",0.45,2,2,5e-05,0
"1313",0.5,2,2,5e-05,0
"1314",0.55,2,2,5e-05,0
"1315",0.6,2,2,5e-05,0
"1316",0.65,2,2,5e-05,0
"1317",0.7,2,2,5e-05,0
"1318",0.75,2,2,5e-05,0
"1319",0.8,2,2,5e-05,0
"1320",0.85,2,2,5e-05,0
"1321",0.9,2,2,5e-05,0
"1322",0.95,2,2,5e-05,0
"1323",1,2,2,5e-05,0
"1324",0,1,1,1e-05,0
"1325",0.05,1,1,1e-05,0
"1326",0.1,1,1,1e-05,0
"1327",0.15,1,1,1e-05,0
"1328",0.2,1,1,1e-05,0
"1329",0.25,1,1,1e-05,0
"1330",0.3,1,1,1e-05,0
"1331",0.35,1,1,1e-05,0
"1332",0.4,1,1,1e-05,0
"1333",0.45,1,1,1e-05,0
"1334",0.5,1,1,1e-05,0
"1335",0.55,1,1,1e-05,0
"1336",0.6,1,1,1e-05,0
"1337",0.65,1,1,1e-05,0
"1338",0.7,1,1,1e-05,0
"1339",0.75,1,1,1e-05,0
"1340",0.8,1,1,1e-05,0
"1341",0.85,1,1,1e-05,0
"1342",0.9,1,1,1e-05,0
"1343",0.95,1,1,1e-05,0
"1344",1,1,1,1e-05,0
"1345",0,1.5,1,1e-05,0
"1346",0.05,1.5,1,1e-05,0
"1347",0.1,1.5,1,1e-05,0
"1348",0.15,1.5,1,1e-05,0
"1349",0.2,1.5,1,1e-05,0
"1350",0.25,1.5,1,1e-05,0
"1351",0.3,1.5,1,1e-05,0
"1352",0.35,1.5,1,1e-05,0
"1353",0.4,1.5,1,1e-05,0
"1354",0.45,1.5,1,1e-05,0
"1355",0.5,1.5,1,1e-05,0
"1356",0.55,1.5,1,1e-05,0
"1357",0.6,1.5,1,1e-05,0
"1358",0.65,1.5,1,1e-05,0
"1359",0.7,1.5,1,1e-05,0
"1360",0.75,1.5,1,1e-05,0
"1361",0.8,1.5,1,1e-05,0
"1362",0.85,1.5,1,1e-05,0
"1363",0.9,1.5,1,1e-05,0
"1364",0.95,1.5,1,1e-05,0
"1365",1,1.5,1,1e-05,0
"1366",0,2,1,1e-05,0
"1367",0.05,2,1,1e-05,0
"1368",0.1,2,1,1e-05,0
"1369",0.15,2,1,1e-05,0
"1370",0.2,2,1,1e-05,0
"1371",0.25,2,1,1e-05,0
"1372",0.3,2,1,1e-05,0
"1373",0.35,2,1,1e-05,0
"1374",0.4,2,1,1e-05,0
"1375",0.45,2,1,1e-05,0
"1376",0.5,2,1,1e-05,0
"1377",0.55,2,1,1e-05,0
"1378",0.6,2,1,1e-05,0
"1379",0.65,2,1,1e-05,0
"1380",0.7,2,1,1e-05,0
"1381",0.75,2,1,1e-05,0
"1382",0.8,2,1,1e-05,0
"1383",0.85,2,1,1e-05,0
"1384",0.9,2,1,1e-05,0
"1385",0.95,2,1,1e-05,0
"1386",1,2,1,1e-05,0
"1387",0,1,1.5,1e-05,0
"1388",0.05,1,1.5,1e-05,0
"1389",0.1,1,1.5,1e-05,0
"1390",0.15,1,1.5,1e-05,0
"1391",0.2,1,1.5,1e-05,0
"1392",0.25,1,1.5,1e-05,0
"1393",0.3,1,1.5,1e-05,0
"1394",0.35,1,1.5,1e-05,0
"1395",0.4,1,1.5,1e-05,0
"1396",0.45,1,1.5,1e-05,0
"1397",0.5,1,1.5,1e-05,0
"1398",0.55,1,1.5,1e-05,0
"1399",0.6,1,1.5,1e-05,0
"1400",0.65,1,1.5,1e-05,0
"1401",0.7,1,1.5,1e-05,0
"1402",0.75,1,1.5,1e-05,0
"1403",0.8,1,1.5,1e-05,0
"1404",0.85,1,1.5,1e-05,0
"1405",0.9,1,1.5,1e-05,0
"1406",0.95,1,1.5,1e-05,0
"1407",1,1,1.5,1e-05,0
"1408",0,1.5,1.5,1e-05,0
"1409",0.05,1.5,1.5,1e-05,0
"1410",0.1,1.5,1.5,1e-05,0
"1411",0.15,1.5,1.5,1e-05,0
"1412",0.2,1.5,1.5,1e-05,0
"1413",0.25,1.5,1.5,1e-05,0
"1414",0.3,1.5,1.5,1e-05,0
"1415",0.35,1.5,1.5,1e-05,0
"1416",0.4,1.5,1.5,1e-05,0
"1417",0.45,1.5,1.5,1e-05,0
"1418",0.5,1.5,1.5,1e-05,0
"1419",0.55,1.5,1.5,1e-05,0
"1420",0.6,1.5,1.5,1e-05,0
"1421",0.65,1.5,1.5,1e-05,0
"1422",0.7,1.5,1.5,1e-05,0
"1423",0.75,1.5,1.5,1e-05,0
"1424",0.8,1.5,1.5,1e-05,0
"1425",0.85,1.5,1.5,1e-05,0
"1426",0.9,1.5,1.5,1e-05,0
"1427",0.95,1.5,1.5,1e-05,0
"1428",1,1.5,1.5,1e-05,0
"1429",0,2,1.5,1e-05,0
"1430",0.05,2,1.5,1e-05,0
"1431",0.1,2,1.5,1e-05,0
"1432",0.15,2,1.5,1e-05,0
"1433",0.2,2,1.5,1e-05,0
"1434",0.25,2,1.5,1e-05,0
"1435",0.3,2,1.5,1e-05,0
"1436",0.35,2,1.5,1e-05,0
"1437",0.4,2,1.5,1e-05,0
"1438",0.45,2,1.5,1e-05,0
"1439",0.5,2,1.5,1e-05,0
"1440",0.55,2,1.5,1e-05,0
"1441",0.6,2,1.5,1e-05,0
"1442",0.65,2,1.5,1e-05,0
"1443",0.7,2,1.5,1e-05,0
"1444",0.75,2,1.5,1e-05,0
"1445",0.8,2,1.5,1e-05,0
"1446",0.85,2,1.5,1e-05,0
"1447",0.9,2,1.5,1e-05,0
"1448",0.95,2,1.5,1e-05,0
"1449",1,2,1.5,1e-05,0
"1450",0,1,2,1e-05,0
"1451",0.05,1,2,1e-05,0
"1452",0.1,1,2,1e-05,0
"1453",0.15,1,2,1e-05,0
"1454",0.2,1,2,1e-05,0
"1455",0.25,1,2,1e-05,0
"1456",0.3,1,2,1e-05,0
"1457",0.35,1,2,1e-05,0
"1458",0.4,1,2,1e-05,0
"1459",0.45,1,2,1e-05,0
"1460",0.5,1,2,1e-05,0
"1461",0.55,1,2,1e-05,0
"1462",0.6,1,2,1e-05,0
"1463",0.65,1,2,1e-05,0
"1464",0.7,1,2,1e-05,0
"1465",0.75,1,2,1e-05,0
"1466",0.8,1,2,1e-05,0
"1467",0.85,1,2,1e-05,0
"1468",0.9,1,2,1e-05,0
"1469",0.95,1,2,1e-05,0
"1470",1,1,2,1e-05,0
"1471",0,1.5,2,1e-05,0
"1472",0.05,1.5,2,1e-05,0
"1473",0.1,1.5,2,1e-05,0
"1474",0.15,1.5,2,1e-05,0
"1475",0.2,1.5,2,1e-05,0
"1476",0.25,1.5,2,1e-05,0
"1477",0.3,1.5,2,1e-05,0
"1478",0.35,1.5,2,1e-05,0
"1479",0.4,1.5,2,1e-05,0
"1480",0.45,1.5,2,1e-05,0
"1481",0.5,1.5,2,1e-05,0
"1482",0.55,1.5,2,1e-05,0
"1483",0.6,1.5,2,1e-05,0
"1484",0.65,1.5,2,1e-05,0
"1485",0.7,1.5,2,1e-05,0
"1486",0.75,1.5,2,1e-05,0
"1487",0.8,1.5,2,1e-05,0
"1488",0.85,1.5,2,1e-05,0
"1489",0.9,1.5,2,1e-05,0
"1490",0.95,1.5,2,1e-05,0
"1491",1,1.5,2,1e-05,0
"1492",0,2,2,1e-05,0
"1493",0.05,2,2,1e-05,0
"1494",0.1,2,2,1e-05,0
"1495",0.15,2,2,1e-05,0
"1496",0.2,2,2,1e-05,0
"1497",0.25,2,2,1e-05,0
"1498",0.3,2,2,1e-05,0
"1499",0.35,2,2,1e-05,0
"1500",0.4,2,2,1e-05,0
"1501",0.45,2,2,1e-05,0
"1502",0.5,2,2,1e-05,0
"1503",0.55,2,2,1e-05,0
"1504",0.6,2,2,1e-05,0
"1505",0.65,2,2,1e-05,0
"1506",0.7,2,2,1e-05,0
"1507",0.75,2,2,1e-05,0
"1508",0.8,2,2,1e-05,0
"1509",0.85,2,2,1e-05,0
"1510",0.9,2,2,1e-05,0
"1511",0.95,2,2,1e-05,0
"1512",1,2,2,1e-05,0
